,influencer,follower,sum,max,sub
0,90124,753507,0.00033410413828238207,0.01251946863297489,-0.012185364494692508
1,90124,961234,0.0055388490872166265,0.005492869927425945,4.5979159790681366e-05
