,pop_same,rb_same,jz_same,pop_rb,pop_jz,rb_jz
0,0.659493322,0.682566059,0.626662062,0.657014303,0.579697454,0.592472189
1,0.398635287,0.43853833,0.381640249,0.409238091,0.374130635,0.379232427
2,0.917091388,0.905694125,0.915552191,0.949326503,0.868522494,0.897560243
