,feature,importance
0,danceability,0.10309944810557811
1,energy,0.1223818697752067
2,valence,0.05927122345318257
3,tempo,0.04818872465662778
4,loudness,0.0894068550389446
5,mode,0.012320978275272763
6,key,0.028563047629256422
7,acousticness,0.18511039245548092
8,instrumentalness,0.1236858227093695
9,liveness,0.04365328177553991
10,speechiness,0.07599712426512592
11,duration_ms,0.10832123186041487
