,name,score
0,36106,0.0
1,846092,0.8394570207692074
2,496525,0.0
3,26350,1.0
4,3495279,0.4197285103846037
5,627250,0.4197285103846037
6,607283,0.0
7,583959,0.0
