,name,score
0,176256,0.20986425519230184
1,148355,0.0
2,551815,0.0
3,846092,1.0
4,781837,0.0
5,185615,0.0
6,191699,0.0
7,2825814,0.20986425519230184
8,669015,0.20986425519230184
9,240923,0.20986425519230184
10,788508,0.0
11,649950,0.0
12,756959,0.0
13,769444,0.0
14,467749,0.5
15,145128,0.0
16,414889,0.20986425519230184
17,188843,0.8795927655769056
18,352171,0.20986425519230184
19,159214,0.0
20,266160,0.0
21,627250,0.4197285103846037
22,852665,0.0
23,354105,0.4197285103846037
24,95613,0.0
